Household_ID,Upazila,CVI_Score,Ego_Network_Size,Shock_Experienced,Migration_Intent
1,Assasuni,0.637769939325793,4,0,0
2,Satkhira Sadar,0.25586613263297014,5,0,0
3,Debhata,0.45094187538146124,5,0,0
4,Kaliganj,0.5725114840973385,4,1,0
5,Shyamnagar,0.8809841721792175,3,1,1
6,Shyamnagar,0.8588175050066076,3,0,0
7,Shyamnagar,0.8638414846776779,3,1,1
8,Tala,0.2988873912191447,5,0,0
9,Kaliganj,0.504953521240286,4,1,0
10,Debhata,0.39341374454647104,5,0,0
11,Shyamnagar,0.7931814162729404,3,0,0
12,Satkhira Sadar,0.31827352111953056,5,0,0
13,Debhata,0.46160890095299195,5,1,0
14,Shyamnagar,0.7659140217052759,3,0,0
15,Shyamnagar,0.8658362758773532,3,1,1
16,Shyamnagar,0.89878724761235,3,0,0
17,Assasuni,0.6370863017691,4,1,0
18,Assasuni,0.6951917845828944,4,1,0
19,Assasuni,0.7473232446382063,4,1,0
20,Shyamnagar,0.7650918967878698,3,1,1
21,Kaliganj,0.5676388374145576,4,0,0
22,Shyamnagar,0.8046023511058826,3,1,0
23,Shyamnagar,0.8986594293064796,3,1,0
24,Assasuni,0.7556587367748051,3,1,0
25,Assasuni,0.7516399733670152,3,1,0
26,Debhata,0.39113213249861956,5,0,0
27,Shyamnagar,0.889306397648397,3,0,0
28,Assasuni,0.7366824097802606,4,1,0
29,Kaliganj,0.5146740662540558,4,1,0
30,Shyamnagar,0.8843373211226017,3,1,1
31,Kaliganj,0.4751810688601689,5,0,1
32,Shyamnagar,0.849440481772308,3,1,1
33,Shyamnagar,0.7945013255931554,3,1,1
34,Satkhira Sadar,0.19687936400881903,6,1,0
35,Satkhira Sadar,0.19077344822808928,6,0,0
36,Debhata,0.42444331638172095,5,0,0
37,Assasuni,0.6609812445652099,4,1,0
38,Shyamnagar,0.8687150157293142,3,1,0
39,Kaliganj,0.4791498877118519,5,1,0
40,Assasuni,0.6572935506745915,4,1,0
41,Shyamnagar,0.8409236938563006,3,1,1
42,Assasuni,0.7286084747258446,4,1,0
43,Shyamnagar,0.8078128754398105,3,1,1
44,Tala,0.2676247927011813,5,0,0
45,Shyamnagar,0.8928966622354281,3,1,1
46,Kaliganj,0.5562208463455226,4,1,0
47,Assasuni,0.644943921213045,4,0,0
48,Assasuni,0.6136601172334807,4,0,0
49,Assasuni,0.7405148310851395,4,1,1
50,Shyamnagar,0.7631904116275581,3,1,1
51,Satkhira Sadar,0.30245823417578793,5,0,0
52,Debhata,0.3993405701040818,5,1,0
53,Satkhira Sadar,0.31146947779180545,5,0,0
54,Tala,0.29182965300831315,5,0,0
55,Kaliganj,0.6097107754746672,4,1,0
56,Tala,0.2290996541632394,6,1,0
57,Shyamnagar,0.8750782433396691,3,1,0
58,Shyamnagar,0.8202896370413864,3,1,0
59,Shyamnagar,0.8319813430455864,3,1,1
60,Assasuni,0.7041258194827555,4,1,0
61,Assasuni,0.7410515671279508,4,1,1
62,Shyamnagar,0.9076125203798943,3,1,1
63,Debhata,0.4352410120796777,5,0,0
64,Assasuni,0.6726650173251001,4,0,0
65,Shyamnagar,0.8232035503415606,3,1,0
66,Assasuni,0.7206373452383337,4,1,0
67,Shyamnagar,0.7958165718652453,3,0,0
68,Debhata,0.3365711169697092,5,1,0
69,Shyamnagar,0.8131933236461165,3,0,1
70,Satkhira Sadar,0.22021345883157145,6,0,0
71,Debhata,0.3644462180683985,5,0,0
72,Shyamnagar,0.7950411626574865,3,0,0
73,Shyamnagar,0.7663139784454543,3,0,1
74,Debhata,0.32268109021001207,5,0,0
75,Debhata,0.4681583584604047,5,0,0
76,Debhata,0.38416597006037934,5,0,0
77,Debhata,0.3776489970739523,5,1,0
78,Shyamnagar,0.8619470924039605,3,1,0
79,Assasuni,0.6427380831797597,4,1,0
80,Shyamnagar,0.9024941775925338,3,1,1
81,Tala,0.29008830201817726,5,0,0
82,Kaliganj,0.4825175403237163,5,1,0
83,Assasuni,0.6726371163677393,4,1,0
84,Shyamnagar,0.8918677461343247,3,1,1
85,Assasuni,0.7517098033437115,3,0,1
86,Assasuni,0.6801102266874804,4,1,0
87,Debhata,0.41201170838160617,5,0,0
88,Kaliganj,0.4933847524528905,5,0,0
89,Tala,0.3187636076591767,5,1,0
90,Assasuni,0.6447507552075165,4,1,1
91,Shyamnagar,0.9014097661202689,3,1,1
92,Debhata,0.41744699734885526,5,1,0
93,Debhata,0.41116051923182884,5,0,0
94,Kaliganj,0.5417763915423112,4,0,0
95,Debhata,0.3546004717576638,5,0,0
96,Assasuni,0.6364792048008262,4,1,1
97,Assasuni,0.6430729313605263,4,0,0
98,Assasuni,0.6379657393216381,4,0,0
99,Shyamnagar,0.876937671035013,3,1,1
100,Shyamnagar,0.8125187888750095,3,0,0
101,Shyamnagar,0.7686764014845094,3,0,0
102,Kaliganj,0.6056743682197135,4,1,0
103,Assasuni,0.7425678827445139,4,0,0
104,Assasuni,0.749162842479282,4,1,0
105,Tala,0.3192870951705009,5,0,0
106,Shyamnagar,0.7860842873829231,3,1,1
107,Assasuni,0.6694363028353988,4,0,0
108,Debhata,0.4337357713556137,5,1,0
109,Shyamnagar,0.8644030927080688,3,1,0
110,Shyamnagar,0.7830843859509783,3,1,1
111,Shyamnagar,0.8823749687485927,3,1,1
112,Shyamnagar,0.7936660857754991,3,1,0
113,Satkhira Sadar,0.21133446607516723,6,1,0
114,Debhata,0.40054616343401206,5,1,0
115,Kaliganj,0.5530115908778385,4,1,0
116,Tala,0.26121206909729355,5,1,0
117,Debhata,0.3337230256096632,5,0,0
118,Shyamnagar,0.8916191293945571,3,0,1
119,Tala,0.21718400596241885,6,0,0
120,Assasuni,0.6294272381924206,4,0,0
121,Debhata,0.45331221198034655,5,0,0
122,Tala,0.31379120975216546,5,1,1
123,Assasuni,0.7393191425898176,4,1,1
124,Shyamnagar,0.8814274112087317,3,1,0
125,Shyamnagar,0.8582862970958532,3,1,0
126,Assasuni,0.6926286055913708,4,1,1
127,Debhata,0.3330480139867115,5,0,0
128,Tala,0.2371834498298978,6,0,0
129,Shyamnagar,0.8159032775518471,3,0,0
130,Assasuni,0.648963067564049,4,1,1
131,Assasuni,0.7185130170532877,4,0,0
132,Shyamnagar,0.8343813602618156,3,1,1
133,Shyamnagar,0.7721569323861472,3,0,0
134,Assasuni,0.6430274802924717,4,0,0
135,Satkhira Sadar,0.2756562269123434,5,0,0
136,Assasuni,0.621419628923545,4,0,0
137,Assasuni,0.7376810371073153,4,1,0
138,Debhata,0.39427197905209616,5,0,0
139,Assasuni,0.6820879865989972,4,0,0
140,Satkhira Sadar,0.26293708985233244,5,0,0
141,Satkhira Sadar,0.2954553352295209,5,0,0
142,Shyamnagar,0.8121713811853289,3,1,0
143,Assasuni,0.7117024228838595,4,0,0
144,Assasuni,0.6948597945993686,4,1,0
145,Shyamnagar,0.8000542405254132,3,1,1
146,Shyamnagar,0.8917944979532737,3,1,0
147,Kaliganj,0.58163964302497,4,0,0
148,Assasuni,0.7087677751987638,4,1,0
149,Shyamnagar,0.8875872593641363,3,1,0
150,Shyamnagar,0.8900941301439704,3,1,0
151,Tala,0.27917081674010485,5,0,0
152,Shyamnagar,0.8855519992545509,3,1,0
153,Shyamnagar,0.8646207192503925,3,1,1
154,Assasuni,0.712021115764045,4,1,0
155,Satkhira Sadar,0.2666055929501258,5,0,0
156,Shyamnagar,0.8729074959336462,3,1,1
157,Kaliganj,0.4922047147410303,5,1,0
158,Debhata,0.4521306138798392,5,0,0
159,Shyamnagar,0.8907765291617848,3,0,0
160,Debhata,0.3243870924551839,5,0,0
161,Assasuni,0.7338725125847144,4,1,0
162,Kaliganj,0.4880417814462823,5,1,0
163,Kaliganj,0.5169166395962799,4,1,0
164,Assasuni,0.7215262384437412,4,1,0
165,Shyamnagar,0.7841139844072462,3,1,0
166,Debhata,0.4426950536178593,5,0,0
167,Assasuni,0.7348201266936613,4,0,0
168,Shyamnagar,0.8361201600641255,3,1,1
169,Shyamnagar,0.760957880757525,3,0,0
170,Kaliganj,0.5101853386444878,4,1,0
171,Kaliganj,0.5563697685726039,4,0,0
172,Shyamnagar,0.9071779267041136,3,1,0
173,Assasuni,0.7047720290525002,4,1,0
174,Shyamnagar,0.798970537159624,3,1,0
175,Kaliganj,0.5587607984339455,4,1,0
176,Shyamnagar,0.8409978069573784,3,1,1
177,Kaliganj,0.5791783553211601,4,1,0
178,Assasuni,0.6260470958240437,4,0,0
179,Satkhira Sadar,0.28654390635028393,5,1,0
180,Shyamnagar,0.8411899868014165,3,0,0
181,Assasuni,0.7544488005788492,3,0,0
182,Shyamnagar,0.8112808249058029,3,1,0
183,Tala,0.2685670650387527,5,0,0
184,Tala,0.31048393477140246,5,0,0
185,Shyamnagar,0.7753764591986019,3,0,1
186,Kaliganj,0.6012119882131032,4,0,1
187,Debhata,0.423182858345122,5,0,0
188,Kaliganj,0.47949718827472404,5,0,0
189,Assasuni,0.6551445350420224,4,1,0
190,Shyamnagar,0.8662258132967923,3,1,0
191,Shyamnagar,0.7701025902203158,3,0,1
192,Tala,0.26150386442467827,5,0,0
193,Tala,0.22842362797341395,6,0,0
194,Kaliganj,0.5569281724874467,4,0,0
195,Assasuni,0.6168613050718769,4,1,0
196,Assasuni,0.7407305209228564,4,1,0
197,Debhata,0.4660233453766095,5,0,0
198,Tala,0.3156428997399968,5,1,0
199,Tala,0.2849512564440095,5,1,0
200,Debhata,0.3395129360195948,5,0,0
201,Kaliganj,0.5761568474300631,4,0,0
202,Shyamnagar,0.7636880374688202,3,1,0
203,Shyamnagar,0.7633185327293496,3,0,0
204,Tala,0.22530543068093578,6,0,0
205,Kaliganj,0.5384100466566532,4,0,0
206,Shyamnagar,0.875561112671169,3,1,1
207,Shyamnagar,0.8624943064909758,3,0,0
208,Kaliganj,0.5324263788927448,4,0,0
209,Shyamnagar,0.8010439999422498,3,1,1
210,Shyamnagar,0.9095686750236567,3,1,1
211,Assasuni,0.6739271953353959,4,1,0
212,Kaliganj,0.5331941834061545,4,0,0
213,Kaliganj,0.49290733496683364,5,0,0
214,Shyamnagar,0.8792214323124894,3,1,1
215,Debhata,0.4240523338672233,5,0,0
216,Shyamnagar,0.7931154419183141,3,1,0
217,Assasuni,0.6223571568423764,4,1,0
218,Debhata,0.42207489531120695,5,0,0
219,Kaliganj,0.5616315699993589,4,1,1
220,Debhata,0.3609889290497314,5,0,0
221,Kaliganj,0.6031208987150575,4,1,0
222,Kaliganj,0.49114810484932603,5,0,0
223,Shyamnagar,0.8248502201563903,3,1,1
224,Assasuni,0.7515423880251398,3,1,0
225,Shyamnagar,0.8229590975389184,3,1,0
226,Shyamnagar,0.8557788921496129,3,0,0
227,Satkhira Sadar,0.2356632157147912,6,1,0
228,Assasuni,0.6511322803523005,4,0,0
229,Tala,0.31775687071437597,5,0,0
230,Kaliganj,0.527306760884106,4,0,0
231,Debhata,0.4541148805518701,5,0,0
232,Assasuni,0.644493190883663,4,1,0
233,Kaliganj,0.4998346585635116,5,0,0
234,Assasuni,0.6146701124326767,4,0,0
235,Shyamnagar,0.8577500238063828,3,1,1
236,Debhata,0.37527895155856417,5,0,0
237,Shyamnagar,0.8896537374759456,3,0,0
238,Shyamnagar,0.8309814860037336,3,0,0
239,Kaliganj,0.605547079908061,4,1,0
240,Shyamnagar,0.7878288273554682,3,1,0
241,Satkhira Sadar,0.30160724351378554,5,1,0
242,Satkhira Sadar,0.2887235593908438,5,0,0
243,Tala,0.2879290582501673,5,0,0
244,Assasuni,0.7367174842175331,4,1,0
245,Shyamnagar,0.8741535986414498,3,0,0
246,Satkhira Sadar,0.26767084502839816,5,0,0
247,Assasuni,0.6296867316523581,4,0,0
248,Satkhira Sadar,0.18455366512877527,6,1,0
249,Satkhira Sadar,0.3089186986941962,5,0,0
250,Tala,0.2663310440329033,5,0,0
251,Shyamnagar,0.8794805936464265,3,1,1
252,Assasuni,0.6822283527268825,4,1,0
253,Tala,0.19642314645473521,6,0,0
254,Assasuni,0.6287778688303826,4,0,0
255,Shyamnagar,0.8628347930843457,3,1,1
256,Kaliganj,0.5302428252859248,4,0,0
257,Satkhira Sadar,0.20807346173804714,6,0,0
258,Kaliganj,0.5388232365438012,4,0,0
259,Kaliganj,0.47898925119051877,5,1,0
260,Shyamnagar,0.8472957102871599,3,1,1
261,Kaliganj,0.5076590766209137,4,0,0
262,Satkhira Sadar,0.29165827408920636,5,0,0
263,Shyamnagar,0.806554293838536,3,1,0
264,Assasuni,0.6782830223622702,4,1,0
265,Tala,0.18162687558713408,6,0,0
266,Debhata,0.3308670331691838,5,0,0
267,Kaliganj,0.5249490978969359,4,0,0
268,Debhata,0.3919908252075685,5,1,0
269,Assasuni,0.7000030822178955,4,1,1
270,Shyamnagar,0.8037493868063955,3,1,0
271,Debhata,0.4242472829189814,5,0,0
272,Debhata,0.44901835957838065,5,1,0
273,Tala,0.289179138445069,5,0,0
274,Tala,0.18554663554877,6,0,0
275,Assasuni,0.6820760420886743,4,1,0
276,Assasuni,0.6257395267627263,4,1,1
277,Debhata,0.35630675237937914,5,0,0
278,Kaliganj,0.6081327630574005,4,1,0
279,Debhata,0.341374331435227,5,0,0
280,Debhata,0.3948332230177034,5,1,0
281,Tala,0.26654180280453665,5,0,0
282,Assasuni,0.7153697455816156,4,1,1
283,Assasuni,0.6939473025230372,4,1,0
284,Shyamnagar,0.7614656271128776,3,1,0
285,Kaliganj,0.5157045831541588,4,1,1
286,Shyamnagar,0.8376567465077067,3,1,1
287,Assasuni,0.6231799748717249,4,1,0
288,Assasuni,0.6625940396813771,4,1,1
289,Shyamnagar,0.764980466318705,3,1,0
290,Kaliganj,0.4810009896017029,5,0,0
291,Shyamnagar,0.8195384914302394,3,1,1
292,Shyamnagar,0.779907363106459,3,1,0
293,Debhata,0.4051311272392337,5,0,0
294,Assasuni,0.7134197453705898,4,0,0
295,Shyamnagar,0.8800880048663624,3,1,0
296,Assasuni,0.6400225366367215,4,1,0
297,Debhata,0.34512238733886047,5,0,0
298,Shyamnagar,0.7756851760501601,3,0,0
299,Kaliganj,0.5591002349361092,4,1,0
300,Shyamnagar,0.8659713589730352,3,1,1
301,Shyamnagar,0.7647379217238464,3,1,0
302,Assasuni,0.7504318369365535,3,1,0
303,Assasuni,0.6177956925477208,4,1,0
304,Kaliganj,0.5457814869421498,4,1,0
305,Debhata,0.42635907791763744,5,1,0
306,Satkhira Sadar,0.301935677324452,5,0,0
307,Assasuni,0.7171130398198642,4,1,0
308,Assasuni,0.7302592124604688,4,0,0
309,Debhata,0.37091752888142093,5,0,0
310,Shyamnagar,0.8822237670619768,3,1,1
311,Assasuni,0.6220172269577012,4,1,0
312,Shyamnagar,0.8942224984090792,3,1,0
313,Shyamnagar,0.8421388564230604,3,1,0
314,Satkhira Sadar,0.29442168779474914,5,1,0
315,Debhata,0.387847742677745,5,1,0
316,Kaliganj,0.5601008773275135,4,0,0
317,Assasuni,0.688960399140417,4,1,0
318,Shyamnagar,0.8697384282632998,3,1,0
319,Shyamnagar,0.7722444973045884,3,0,0
320,Shyamnagar,0.7690528125985846,3,0,1
321,Assasuni,0.647065485101522,4,1,0
322,Debhata,0.34393170201697826,5,0,0
323,Kaliganj,0.5920496993229082,4,1,0
324,Shyamnagar,0.7928820981037067,3,1,1
325,Satkhira Sadar,0.3166211358146784,5,0,0
326,Debhata,0.37053436876566603,5,0,0
327,Kaliganj,0.4954965081964179,5,1,0
328,Kaliganj,0.5805577909999471,4,1,1
329,Assasuni,0.7088061663251314,4,1,1
330,Shyamnagar,0.8347293574679708,3,1,0
331,Assasuni,0.6933045326406446,4,1,1
332,Debhata,0.42788026674083957,5,0,0
333,Shyamnagar,0.7942682111996948,3,1,1
334,Shyamnagar,0.9094500874085113,3,1,0
335,Shyamnagar,0.9062189743220175,3,1,1
336,Shyamnagar,0.8575488529520405,3,1,0
337,Tala,0.20793594313008032,6,0,0
338,Debhata,0.42203423636469367,5,1,0
339,Assasuni,0.6208297613468764,4,0,0
340,Shyamnagar,0.7645978753308709,3,1,0
341,Assasuni,0.6486524332766821,4,1,0
342,Assasuni,0.6793934435108975,4,1,0
343,Shyamnagar,0.8902408758112571,3,1,1
344,Assasuni,0.7190753604649462,4,1,0
345,Assasuni,0.7214059781799972,4,0,0
346,Kaliganj,0.5295690668227305,4,0,0
347,Kaliganj,0.5184308989565748,4,0,0
348,Shyamnagar,0.8156558144476904,3,1,1
349,Assasuni,0.7581474345604087,3,1,0
350,Kaliganj,0.4756152867977475,5,1,0
351,Assasuni,0.7400547244183673,4,1,0
352,Tala,0.2610145572001351,5,0,0
353,Kaliganj,0.5314061586865426,4,1,0
354,Shyamnagar,0.8687886490622705,3,1,0
355,Shyamnagar,0.8330003412137055,3,1,1
356,Kaliganj,0.5922792533314325,4,1,0
357,Shyamnagar,0.8951052796016888,3,1,1
358,Kaliganj,0.5290409297622838,4,0,1
359,Satkhira Sadar,0.2187558916129072,6,0,0
360,Kaliganj,0.5529290460030707,4,1,0
361,Assasuni,0.7468545018425037,4,1,0
362,Kaliganj,0.4994927064607933,5,0,0
363,Assasuni,0.7034449875345224,4,0,0
364,Assasuni,0.704734033013878,4,1,0
365,Satkhira Sadar,0.28263582313813934,5,1,0
366,Assasuni,0.629735152769089,4,0,0
367,Satkhira Sadar,0.28021549505549237,5,0,0
368,Tala,0.30726455289318977,5,0,0
369,Shyamnagar,0.7869524663305363,3,1,1
370,Shyamnagar,0.7956314987385816,3,1,1
371,Shyamnagar,0.905709264106246,3,1,1
372,Shyamnagar,0.7871465429064235,3,1,0
373,Shyamnagar,0.8881577640054369,3,1,0
374,Kaliganj,0.5389188999027248,4,0,0
375,Shyamnagar,0.7970846611604766,3,0,0
376,Assasuni,0.7406124851908767,4,0,0
377,Debhata,0.38679578825039984,5,0,0
378,Shyamnagar,0.8372226030894535,3,1,1
379,Debhata,0.37388500540996483,5,0,0
380,Shyamnagar,0.8489426277152391,3,1,1
381,Shyamnagar,0.7845285808877535,3,1,1
382,Kaliganj,0.5247514151312465,4,0,0
383,Kaliganj,0.6057177251269402,4,0,0
384,Tala,0.21613868057815785,6,0,0
385,Debhata,0.4185104996811938,5,0,0
386,Debhata,0.36877850963370423,5,0,0
387,Shyamnagar,0.8760209688529901,3,1,1
388,Shyamnagar,0.7796310491077525,3,0,1
389,Debhata,0.4654731567617817,5,0,1
390,Debhata,0.38806843120754586,5,0,0
391,Satkhira Sadar,0.21304706486850494,6,0,0
392,Assasuni,0.6210245120995019,4,0,0
393,Assasuni,0.6354636857631311,4,0,0
394,Debhata,0.39796609228340263,5,0,0
395,Assasuni,0.6605504764646929,4,1,0
396,Satkhira Sadar,0.29604367122356534,5,0,1
397,Tala,0.24032425331265284,6,0,0
398,Assasuni,0.6473071408881444,4,0,0
399,Debhata,0.4125717479906045,5,1,0
400,Debhata,0.4260165825328168,5,0,0
401,Shyamnagar,0.7850562861851424,3,1,1
402,Tala,0.20346669028036446,6,1,0
403,Assasuni,0.6155007140400315,4,1,0
404,Debhata,0.43046030225984605,5,1,0
405,Assasuni,0.7095706791432708,4,1,0
406,Tala,0.24644832260497396,6,0,0
407,Assasuni,0.7366255673453795,4,1,0
408,Shyamnagar,0.880850522942508,3,1,0
409,Tala,0.2619496110155453,5,1,0
410,Shyamnagar,0.8902406920769889,3,1,1
411,Assasuni,0.6408761815055153,4,1,0
412,Satkhira Sadar,0.1956687467156819,6,0,0
413,Satkhira Sadar,0.21776494561237855,6,0,0
414,Kaliganj,0.47799215985250404,5,0,0
415,Kaliganj,0.5443637339201445,4,1,0
416,Assasuni,0.7504908538442443,3,0,0
417,Shyamnagar,0.7659015311002765,3,1,0
418,Assasuni,0.628316487101504,4,1,1
419,Kaliganj,0.5333078639596809,4,0,0
420,Debhata,0.4600812526291857,5,0,0
421,Debhata,0.36742341574651255,5,1,0
422,Debhata,0.39608522130325885,5,0,0
423,Shyamnagar,0.7662359288575589,3,0,0
424,Assasuni,0.6322514801443133,4,1,0
425,Shyamnagar,0.9079945184438271,3,1,0
426,Assasuni,0.7547678044654068,3,0,0
427,Assasuni,0.6107409971401614,4,1,0
428,Tala,0.3132536499592534,5,1,0
429,Assasuni,0.7058679906723251,4,1,0
430,Shyamnagar,0.8901877441780033,3,1,1
431,Shyamnagar,0.8282109783450788,3,1,0
432,Debhata,0.3973394042868875,5,0,0
433,Kaliganj,0.5384385212359688,4,1,1
434,Shyamnagar,0.8600296386319157,3,1,1
435,Shyamnagar,0.780947688213447,3,1,1
436,Debhata,0.3244960384809017,5,1,0
437,Shyamnagar,0.8061894912386787,3,0,1
438,Debhata,0.425702114410497,5,0,1
439,Debhata,0.35027801781844226,5,0,0
440,Shyamnagar,0.8610148649987376,3,1,0
441,Shyamnagar,0.9054868069160906,3,1,0
442,Satkhira Sadar,0.19314610021051856,6,0,0
443,Assasuni,0.710890317733769,4,1,0
444,Assasuni,0.6765625328956857,4,1,0
445,Debhata,0.4502213381566258,5,1,0
446,Satkhira Sadar,0.20480097052263402,6,0,0
447,Satkhira Sadar,0.276967633311663,5,0,0
448,Debhata,0.4457172934472165,5,1,1
449,Assasuni,0.7516921329211035,3,1,0
450,Shyamnagar,0.8624872042434469,3,1,1
451,Debhata,0.3945762146012641,5,1,0
452,Kaliganj,0.5564986136281699,4,1,0
453,Assasuni,0.7403357476718078,4,1,0
454,Tala,0.25988536452943617,5,1,0
455,Shyamnagar,0.7645580589545256,3,0,0
456,Assasuni,0.7496423043260467,4,1,0
457,Shyamnagar,0.8634290126547342,3,1,0
458,Assasuni,0.711477007866587,4,1,0
459,Shyamnagar,0.7923512728596576,3,1,1
460,Shyamnagar,0.8588328205348986,3,1,1
461,Shyamnagar,0.8190796608481238,3,1,0
462,Kaliganj,0.5611726167858089,4,1,1
463,Debhata,0.3359889545461986,5,0,0
464,Kaliganj,0.562098342644425,4,1,0
465,Satkhira Sadar,0.31991792160789334,5,1,0
466,Assasuni,0.6172318058290834,4,0,0
467,Shyamnagar,0.9065761276331976,3,1,0
468,Tala,0.2369671145012019,6,0,0
469,Shyamnagar,0.8906130175505889,3,1,0
470,Satkhira Sadar,0.2895339677681583,5,0,0
471,Shyamnagar,0.8450524391480002,3,1,1
472,Satkhira Sadar,0.28338288929518574,5,0,0
473,Shyamnagar,0.8917773341952022,3,1,1
474,Tala,0.23657964503114462,6,0,0
475,Assasuni,0.6590549742344858,4,0,0
476,Satkhira Sadar,0.27346307397890185,5,1,0
477,Shyamnagar,0.8811768912911888,3,1,0
478,Kaliganj,0.5767199188687262,4,1,0
479,Satkhira Sadar,0.29169391084020885,5,1,0
480,Assasuni,0.6753374972219399,4,1,0
481,Kaliganj,0.584496790264503,4,0,0
482,Kaliganj,0.4868292677518852,5,1,0
483,Assasuni,0.6916733646941274,4,1,0
484,Kaliganj,0.470806212469737,5,0,0
485,Kaliganj,0.5154420161860378,4,1,0
486,Tala,0.23130461488199572,6,0,0
487,Shyamnagar,0.8194259037413884,3,1,0
488,Shyamnagar,0.8643200810034793,3,1,0
489,Satkhira Sadar,0.2343981341778484,6,0,0
490,Tala,0.2428171071671543,6,0,0
491,Assasuni,0.6456316196311491,4,0,0
492,Kaliganj,0.5222552508281075,4,0,0
493,Shyamnagar,0.7940904440894727,3,1,1
494,Shyamnagar,0.7709793885652666,3,0,0
495,Assasuni,0.7005172890072067,4,0,0
496,Assasuni,0.7102319197832524,4,1,1
497,Kaliganj,0.5567286484413461,4,0,0
498,Shyamnagar,0.8295241065700859,3,1,0
499,Satkhira Sadar,0.23317000922509218,6,0,0
500,Satkhira Sadar,0.30086671094005557,5,1,1
501,Kaliganj,0.5426714499190706,4,1,0
502,Assasuni,0.6818772816444596,4,0,0
503,Assasuni,0.6138463098709653,4,0,0
504,Debhata,0.37118717414392344,5,0,0
505,Kaliganj,0.52322738663002,4,0,0
506,Shyamnagar,0.8198234171345351,3,1,0
507,Tala,0.2612241316918265,5,0,0
508,Debhata,0.40004038200903175,5,1,0
509,Satkhira Sadar,0.26510671299108224,5,1,0
510,Debhata,0.43473248923131924,5,0,0
511,Kaliganj,0.583818003420253,4,1,0
512,Assasuni,0.7177184614339742,4,1,0
513,Satkhira Sadar,0.31377331743369086,5,1,0
514,Tala,0.18255256157469063,6,0,0
515,Shyamnagar,0.7893666978525319,3,1,0
516,Shyamnagar,0.7611344312467213,3,1,0
517,Assasuni,0.7071212071231905,4,1,0
518,Debhata,0.454704582342498,5,1,0
519,Satkhira Sadar,0.2140875215206819,6,0,0
520,Shyamnagar,0.8990551817194461,3,1,0
521,Kaliganj,0.4784374346405385,5,1,0
522,Assasuni,0.7501654040208272,3,1,1
523,Satkhira Sadar,0.22922717621354882,6,1,0
524,Debhata,0.3352131242673825,5,1,0
525,Debhata,0.39288076387794885,5,1,0
526,Assasuni,0.6485164851580761,4,1,0
527,Assasuni,0.6527309352942884,4,1,0
528,Shyamnagar,0.806093494738943,3,1,1
529,Shyamnagar,0.8804538846748995,3,1,1
530,Tala,0.2554825787345356,5,0,0
531,Debhata,0.36669615487340057,5,0,0
532,Satkhira Sadar,0.26544672966352856,5,1,0
533,Satkhira Sadar,0.28026109439124713,5,1,0
534,Kaliganj,0.5081673601026947,4,0,0
535,Debhata,0.38203236522880274,5,1,0
536,Satkhira Sadar,0.19706405306717265,6,1,0
537,Debhata,0.34717240243020203,5,0,0
538,Shyamnagar,0.8621676780947475,3,1,0
539,Assasuni,0.637215752154344,4,1,0
540,Shyamnagar,0.838774507550059,3,1,1
541,Satkhira Sadar,0.27926647664114057,5,0,0
542,Kaliganj,0.4849627692332641,5,0,0
543,Shyamnagar,0.8450968329443356,3,1,0
544,Kaliganj,0.5059187897181909,4,1,0
545,Kaliganj,0.6048097625332611,4,1,0
546,Assasuni,0.6825318470079887,4,0,0
547,Shyamnagar,0.8808988824662738,3,0,0
548,Kaliganj,0.5470317159018766,4,1,0
549,Assasuni,0.6165118799282229,4,0,0
550,Debhata,0.4149727063391033,5,0,0
551,Assasuni,0.7527105013309986,3,1,0
552,Tala,0.2642256548204864,5,0,0
553,Kaliganj,0.5846864403197506,4,1,0
554,Kaliganj,0.5937889048687771,4,0,0
555,Tala,0.21193116807285053,6,0,0
556,Assasuni,0.641806725986234,4,1,0
557,Shyamnagar,0.8516471483276488,3,1,1
558,Shyamnagar,0.8216542704710057,3,1,1
559,Debhata,0.445979195430008,5,0,0
560,Kaliganj,0.5960032372757216,4,1,0
561,Debhata,0.37301320689540773,5,0,0
562,Shyamnagar,0.7955305838461724,3,0,1
563,Shyamnagar,0.8770788272865793,3,0,1
564,Shyamnagar,0.8012209053322205,3,1,1
565,Assasuni,0.7333921477770518,4,0,0
566,Kaliganj,0.5293233555108268,4,1,1
567,Assasuni,0.7101324848937206,4,1,1
568,Assasuni,0.6243302970752003,4,1,1
569,Tala,0.2673403054547202,5,0,0
570,Assasuni,0.6777651518105844,4,0,0
571,Assasuni,0.6979912694763211,4,1,0
572,Debhata,0.3452021311617295,5,0,0
573,Assasuni,0.7205310617416273,4,1,0
574,Kaliganj,0.5907915908560519,4,1,0
575,Tala,0.2103435720127086,6,1,0
576,Satkhira Sadar,0.19340003777282264,6,0,0
577,Shyamnagar,0.7635457879069505,3,1,1
578,Satkhira Sadar,0.26987601006205725,5,0,0
579,Assasuni,0.7010641054133171,4,1,0
580,Shyamnagar,0.8420046119071105,3,1,1
581,Assasuni,0.6447920644173963,4,0,0
582,Satkhira Sadar,0.23472683942677205,6,0,0
583,Assasuni,0.6991714502779259,4,0,0
584,Assasuni,0.6845150288288754,4,0,1
585,Kaliganj,0.6082899728300842,4,0,0
586,Shyamnagar,0.78046596288351,3,1,1
587,Shyamnagar,0.8642716831071391,3,1,0
588,Shyamnagar,0.8206478152156438,3,1,1
589,Shyamnagar,0.8242299422388423,3,1,0
590,Shyamnagar,0.8676396648487265,3,1,1
591,Shyamnagar,0.8638654226986555,3,1,1
592,Kaliganj,0.6087758391183063,4,1,0
593,Shyamnagar,0.7792591434181187,3,1,1
594,Assasuni,0.6256164474076249,4,0,0
595,Tala,0.28140743439802374,5,0,0
596,Assasuni,0.6967580375509613,4,0,0
597,Kaliganj,0.5083824933183728,4,1,0
598,Shyamnagar,0.771912905348348,3,1,0
599,Shyamnagar,0.7728487374394646,3,1,0
600,Shyamnagar,0.8941286311996177,3,1,0
601,Shyamnagar,0.7887800987078114,3,1,0
602,Shyamnagar,0.8085057343173281,3,1,0
603,Shyamnagar,0.7939984603340482,3,1,1
604,Shyamnagar,0.8132494458747906,3,0,0
605,Shyamnagar,0.770413576411914,3,1,0
606,Assasuni,0.6878589686362405,4,1,0
607,Shyamnagar,0.7701418845388323,3,1,1
608,Assasuni,0.7300534761733543,4,1,0
609,Assasuni,0.645056812286565,4,1,0
610,Kaliganj,0.5456016680446315,4,1,0
611,Shyamnagar,0.8920118631342188,3,1,0
612,Debhata,0.4176316053570791,5,1,0
613,Kaliganj,0.544614090117187,4,1,0
614,Shyamnagar,0.8086500629673063,3,1,0
615,Tala,0.2266202678281477,6,1,0
616,Tala,0.2737281737277466,5,0,0
617,Shyamnagar,0.9091209041831751,3,0,1
618,Shyamnagar,0.8592758784774068,3,1,1
619,Debhata,0.4036675126055037,5,1,0
620,Debhata,0.4295975765358869,5,0,0
621,Shyamnagar,0.8297808418425577,3,1,0
622,Shyamnagar,0.7690213513901178,3,1,1
623,Assasuni,0.6943445223816864,4,1,0
624,Assasuni,0.7536437926758071,3,1,1
625,Kaliganj,0.4945424119300723,5,1,0
626,Assasuni,0.7135007336230998,4,1,0
627,Assasuni,0.6401400532988585,4,1,0
628,Debhata,0.4003741526709622,5,1,0
629,Shyamnagar,0.774501467447008,3,1,0
630,Shyamnagar,0.8275556404387278,3,0,1
631,Debhata,0.4334244993342869,5,1,0
632,Tala,0.22866001339345748,6,1,0
633,Assasuni,0.7097367586730827,4,1,0
634,Assasuni,0.7293174941184594,4,1,0
635,Shyamnagar,0.899076672921918,3,1,0
636,Assasuni,0.645196312278318,4,0,0
637,Assasuni,0.6698973873713963,4,1,0
638,Shyamnagar,0.7828624019995626,3,1,1
639,Shyamnagar,0.9088725253237563,3,1,1
640,Assasuni,0.7490501451886443,4,0,0
641,Shyamnagar,0.8409935695420839,3,1,1
642,Assasuni,0.7363049941564632,4,1,0
643,Shyamnagar,0.8381436965908063,3,1,0
644,Assasuni,0.703537853200414,4,1,1
645,Shyamnagar,0.7733686648174025,3,1,0
646,Tala,0.2857378588695531,5,0,0
647,Kaliganj,0.48787988770893287,5,0,0
648,Kaliganj,0.5856494682353539,4,0,0
649,Debhata,0.4373042131505579,5,0,0
650,Assasuni,0.7163117046614464,4,0,0
651,Shyamnagar,0.7654240570787143,3,0,0
652,Assasuni,0.6554692533917993,4,1,0
653,Kaliganj,0.5068357597875179,4,0,0
654,Debhata,0.37402046112072784,5,0,0
655,Assasuni,0.6231464120145758,4,0,0
656,Shyamnagar,0.9005436734546595,3,1,1
657,Shyamnagar,0.8430703361068564,3,1,1
658,Assasuni,0.6558286465987035,4,1,0
659,Kaliganj,0.5255774123903997,4,1,0
660,Kaliganj,0.532608355670677,4,1,1
661,Assasuni,0.7000891500040926,4,1,0
662,Satkhira Sadar,0.2521951198775097,5,0,0
663,Kaliganj,0.5987148762500184,4,1,0
664,Shyamnagar,0.8345445224358745,3,1,1
665,Shyamnagar,0.908823702223497,3,1,1
666,Shyamnagar,0.8877137436617644,3,1,0
667,Shyamnagar,0.7912765771536003,3,1,0
668,Shyamnagar,0.8995892821965874,3,1,0
669,Shyamnagar,0.7774549596828214,3,1,0
670,Shyamnagar,0.8826174562736788,3,1,1
671,Shyamnagar,0.817093494021487,3,1,1
672,Tala,0.30291640486230975,5,0,0
673,Shyamnagar,0.8902085035161176,3,1,1
674,Assasuni,0.7308888100176432,4,1,1
675,Assasuni,0.7285045654460592,4,0,0
676,Satkhira Sadar,0.2226550794737257,6,0,0
677,Shyamnagar,0.7721378924576878,3,1,0
678,Assasuni,0.6704470268147742,4,1,0
679,Satkhira Sadar,0.2042934320981112,6,0,0
680,Tala,0.27729315244634467,5,0,0
681,Debhata,0.37191495898066784,5,0,0
682,Shyamnagar,0.9063415301289872,3,1,1
683,Shyamnagar,0.8561458116017998,3,1,1
684,Kaliganj,0.5851472789088106,4,1,1
685,Satkhira Sadar,0.19855345418385878,6,0,0
686,Kaliganj,0.5906820275181671,4,1,1
687,Kaliganj,0.5991860066718752,4,1,0
688,Shyamnagar,0.8330592878228404,3,0,0
689,Debhata,0.4109379406626466,5,0,0
690,Shyamnagar,0.8747214701354493,3,1,0
691,Assasuni,0.6362257940890619,4,1,0
692,Assasuni,0.6853849114695163,4,0,1
693,Assasuni,0.669799454165847,4,0,0
694,Shyamnagar,0.7819560988243374,3,1,1
695,Shyamnagar,0.8151301633437298,3,0,0
696,Kaliganj,0.47954412331396906,5,0,0
697,Shyamnagar,0.763871786042423,3,1,1
698,Kaliganj,0.48892328048167516,5,1,1
699,Shyamnagar,0.9044672667383761,3,1,0
700,Assasuni,0.6924294303842525,4,1,1
701,Assasuni,0.754873324172983,3,1,0
702,Shyamnagar,0.8248746817495198,3,1,1
703,Assasuni,0.6567724199627889,4,1,1
704,Shyamnagar,0.8359212794260367,3,1,1
705,Shyamnagar,0.8259267532949366,3,1,0
706,Satkhira Sadar,0.19479305579664413,6,0,0
707,Assasuni,0.7061239472035309,4,1,0
708,Debhata,0.35240572737643994,5,0,1
709,Shyamnagar,0.8529381932346745,3,1,1
710,Kaliganj,0.5610281529357415,4,0,0
711,Debhata,0.3428037279692972,5,1,0
712,Kaliganj,0.4785889477954935,5,1,0
713,Assasuni,0.727114237910266,4,1,0
714,Assasuni,0.678970063565398,4,0,0
715,Assasuni,0.6187245693258213,4,0,0
716,Satkhira Sadar,0.3192812844037674,5,1,0
717,Debhata,0.328667084149455,5,0,0
718,Satkhira Sadar,0.27730493204019746,5,0,0
719,Shyamnagar,0.9075518387895121,3,1,0
720,Debhata,0.3558770156323888,5,0,0
721,Satkhira Sadar,0.19991491161620745,6,0,0
722,Shyamnagar,0.7782077409133643,3,1,0
723,Shyamnagar,0.8054912721351394,3,1,0
724,Debhata,0.335156871651597,5,1,0
725,Kaliganj,0.5669025878371785,4,1,1
726,Debhata,0.3293437697195094,5,0,0
727,Shyamnagar,0.8364133192224685,3,0,0
728,Debhata,0.4695045280779465,5,1,0
729,Shyamnagar,0.8820955404259029,3,1,1
730,Shyamnagar,0.8522829157346516,3,0,0
731,Shyamnagar,0.8059380431179918,3,1,0
732,Debhata,0.41358437544374577,5,1,0
733,Kaliganj,0.5437858049476312,4,1,0
734,Assasuni,0.6739125075835557,4,1,1
735,Assasuni,0.6296065565110299,4,1,1
736,Tala,0.30412459013366533,5,0,0
737,Assasuni,0.6774676973231983,4,1,0
738,Debhata,0.34919337677311474,5,0,0
739,Assasuni,0.6651639026315934,4,0,0
740,Assasuni,0.6721194628793391,4,1,0
741,Assasuni,0.7341306843350311,4,1,0
742,Assasuni,0.7200421570842103,4,0,0
743,Debhata,0.43539573404620097,5,1,0
744,Assasuni,0.611654689664297,4,1,1
745,Shyamnagar,0.8224230997269643,3,1,0
746,Tala,0.2473881812289453,6,0,0
747,Assasuni,0.6128788415234585,4,1,0
748,Assasuni,0.6489719813117552,4,0,0
749,Tala,0.28644057523709887,5,0,0
750,Kaliganj,0.48919535880205983,5,0,0
751,Shyamnagar,0.8402965197178888,3,0,0
752,Satkhira Sadar,0.21012826208241325,6,0,0
753,Kaliganj,0.47169690845014506,5,0,0
754,Assasuni,0.6461802186399312,4,1,0
755,Shyamnagar,0.9063810632365081,3,1,0
756,Debhata,0.44023056678244843,5,1,0
757,Kaliganj,0.6043407302049446,4,1,0
758,Assasuni,0.6831781065889544,4,1,0
759,Tala,0.1953630678148505,6,1,0
760,Debhata,0.4021939233460539,5,0,0
761,Shyamnagar,0.8281566001839942,3,1,1
762,Assasuni,0.7366535624109424,4,1,0
763,Shyamnagar,0.7747123871176367,3,1,0
764,Debhata,0.3932361705532667,5,0,0
765,Shyamnagar,0.7825072997040976,3,1,1
766,Kaliganj,0.5154546297646083,4,0,0
767,Debhata,0.4306035616081699,5,0,0
768,Tala,0.2466425381116273,6,0,0
769,Assasuni,0.6663832427718654,4,1,1
770,Debhata,0.37917144178550527,5,0,0
771,Shyamnagar,0.828917015260898,3,1,0
772,Debhata,0.4377524815755585,5,0,0
773,Shyamnagar,0.8938127033410352,3,1,0
774,Assasuni,0.7533002029755893,3,1,0
775,Debhata,0.43803550793829427,5,1,0
776,Shyamnagar,0.807311034362202,3,0,0
777,Shyamnagar,0.8632202059129813,3,1,0
778,Debhata,0.3856404686083088,5,1,0
779,Debhata,0.3582005933069077,5,0,0
780,Kaliganj,0.5877220211196291,4,0,0
781,Kaliganj,0.4753796888547255,5,0,0
782,Assasuni,0.7452642988203135,4,0,0
783,Shyamnagar,0.8292216196937101,3,0,1
784,Assasuni,0.7055802215212421,4,0,0
785,Shyamnagar,0.8589030883308675,3,0,0
786,Tala,0.30531648369891506,5,0,0
787,Kaliganj,0.559133755503409,4,1,0
788,Assasuni,0.7020900377140092,4,1,0
789,Assasuni,0.6199978060841035,4,1,0
790,Satkhira Sadar,0.2525771230723286,5,0,0
791,Shyamnagar,0.7825253501225563,3,1,0
792,Kaliganj,0.573240727621008,4,0,0
793,Assasuni,0.6868332881219011,4,1,0
794,Kaliganj,0.5652318890891694,4,0,0
795,Shyamnagar,0.7662509350903577,3,0,1
796,Tala,0.19187088224641244,6,1,0
797,Satkhira Sadar,0.28028527432877554,5,1,1
798,Kaliganj,0.48009180703981424,5,1,0
799,Kaliganj,0.47997594188713616,5,1,1
800,Tala,0.18169518653288425,6,0,0
801,Debhata,0.46347520974492196,5,0,0
802,Shyamnagar,0.8706262539188511,3,1,1
803,Kaliganj,0.519455197190289,4,0,0
804,Kaliganj,0.5115149813802717,4,1,0
805,Assasuni,0.6624554844618774,4,1,0
806,Debhata,0.43619802967717725,5,1,0
807,Satkhira Sadar,0.272591885549858,5,0,0
808,Satkhira Sadar,0.20592737950144552,6,0,0
809,Assasuni,0.6361164003001126,4,0,0
810,Shyamnagar,0.7747593474570096,3,1,0
811,Satkhira Sadar,0.27244238075818733,5,0,0
812,Debhata,0.4346558993332604,5,0,0
813,Shyamnagar,0.7997569642487506,3,1,0
814,Tala,0.1829322945443278,6,1,0
815,Tala,0.19150403344669983,6,0,0
816,Assasuni,0.7551790052267546,3,1,1
817,Kaliganj,0.5113622688468388,4,1,0
818,Assasuni,0.7253834721757201,4,1,0
819,Shyamnagar,0.8536995353281396,3,1,1
820,Assasuni,0.6672909459479344,4,0,0
821,Debhata,0.3508530893293333,5,0,0
822,Shyamnagar,0.778207962723911,3,1,1
823,Assasuni,0.70225194520583,4,1,0
824,Assasuni,0.7261950670956682,4,1,0
825,Assasuni,0.7065856380311696,4,1,1
826,Tala,0.2542422986548822,5,0,0
827,Assasuni,0.6162926835147454,4,1,0
828,Assasuni,0.7552733166391576,3,1,0
829,Debhata,0.43980712874818617,5,1,0
830,Assasuni,0.6539233055051447,4,0,1
831,Shyamnagar,0.9069955494038277,3,1,1
832,Assasuni,0.7002822384454483,4,0,1
833,Shyamnagar,0.847363398731087,3,1,0
834,Shyamnagar,0.8722109769144298,3,1,1
835,Assasuni,0.7317654682135206,4,0,0
836,Assasuni,0.7084717910997254,4,0,0
837,Tala,0.197933404491268,6,1,0
838,Assasuni,0.6607401258991747,4,1,0
839,Kaliganj,0.5999317096456469,4,1,0
840,Kaliganj,0.5014461856581393,4,0,1
841,Shyamnagar,0.8158250535756271,3,1,0
842,Kaliganj,0.5304907636121874,4,0,0
843,Shyamnagar,0.8259107484541679,3,1,1
844,Satkhira Sadar,0.2658115415492336,5,0,0
845,Shyamnagar,0.9014613756617061,3,1,1
846,Assasuni,0.6461039067748757,4,1,0
847,Shyamnagar,0.7782252064451377,3,0,1
848,Satkhira Sadar,0.20764586858039122,6,0,0
849,Assasuni,0.7430387350313904,4,1,0
850,Kaliganj,0.5604135137717288,4,1,0
851,Shyamnagar,0.802886018385874,3,1,0
852,Debhata,0.4423920408452926,5,0,0
853,Shyamnagar,0.8892054994545154,3,1,0
854,Tala,0.2985120074166389,5,1,0
855,Shyamnagar,0.8978389800459332,3,1,0
856,Shyamnagar,0.7978361530260043,3,0,0
857,Shyamnagar,0.8732562893119418,3,1,1
858,Assasuni,0.679080924591121,4,1,0
859,Kaliganj,0.5878797974046086,4,1,0
860,Shyamnagar,0.869273601574242,3,1,1
861,Debhata,0.43646711697495866,5,1,0
862,Assasuni,0.7084242756521607,4,1,0
863,Assasuni,0.636614315420456,4,1,0
864,Assasuni,0.6917540378345407,4,0,0
865,Assasuni,0.7577004609286763,3,0,0
866,Kaliganj,0.6012343293095966,4,0,0
867,Shyamnagar,0.7664760603695517,3,1,1
868,Shyamnagar,0.7847222223594156,3,1,0
869,Tala,0.19844202828363866,6,0,0
870,Satkhira Sadar,0.28163718739794136,5,0,0
871,Assasuni,0.7326677994785418,4,1,1
872,Shyamnagar,0.7920267049466008,3,1,1
873,Kaliganj,0.540819377013256,4,1,0
874,Assasuni,0.73610545420168,4,1,0
875,Shyamnagar,0.8699202317149376,3,1,0
876,Shyamnagar,0.8413355808237772,3,1,0
877,Debhata,0.4085521535688159,5,0,0
878,Kaliganj,0.5411704765682792,4,1,1
879,Shyamnagar,0.8046322676978231,3,0,1
880,Shyamnagar,0.8447532989288524,3,1,0
881,Shyamnagar,0.8633327953075136,3,1,0
882,Kaliganj,0.5922652082205131,4,0,0
883,Shyamnagar,0.8554437030968872,3,1,1
884,Shyamnagar,0.8741682305564737,3,1,0
885,Debhata,0.344010745243186,5,1,0
886,Shyamnagar,0.8292336211629685,3,1,0
887,Kaliganj,0.47130642677579304,5,1,0
888,Shyamnagar,0.7970018296782435,3,1,1
889,Shyamnagar,0.8689692572669507,3,0,1
890,Shyamnagar,0.9087714927024045,3,1,1
891,Debhata,0.3348767149380824,5,0,0
892,Tala,0.23620920422058034,6,0,0
893,Debhata,0.4400106453048739,5,0,0
894,Assasuni,0.6406053451943348,4,1,0
895,Kaliganj,0.54771189290232,4,0,0
896,Shyamnagar,0.8699606944044512,3,1,0
897,Shyamnagar,0.8523978175390269,3,1,1
898,Tala,0.20632346284615827,6,0,0
899,Shyamnagar,0.8133076853028609,3,1,1
900,Shyamnagar,0.8775687676728097,3,0,0
901,Shyamnagar,0.8431339771198025,3,1,1
902,Shyamnagar,0.7607844420314369,3,1,1
903,Shyamnagar,0.8741486140042141,3,1,1
904,Kaliganj,0.4749435896916334,5,0,0
905,Assasuni,0.7218600674096848,4,1,0
906,Tala,0.20834727842313322,6,0,0
907,Debhata,0.46371102201790704,5,1,1
908,Assasuni,0.6651911126953127,4,1,1
909,Shyamnagar,0.8090397424507119,3,1,1
910,Assasuni,0.6323332075498667,4,0,0
911,Kaliganj,0.5127845901686301,4,0,0
912,Shyamnagar,0.8914976142742301,3,1,0
913,Kaliganj,0.6094868072678146,4,1,1
914,Assasuni,0.6652464295760272,4,1,1
915,Kaliganj,0.532805488333636,4,0,0
916,Assasuni,0.7183106407304105,4,0,0
917,Shyamnagar,0.8929293670697612,3,1,1
918,Satkhira Sadar,0.2630262067861498,5,0,1
919,Debhata,0.3787288547266744,5,1,0
920,Shyamnagar,0.8218932761272936,3,1,0
921,Tala,0.27738654050955297,5,1,0
922,Assasuni,0.6104827395406418,4,0,0
923,Tala,0.2667425072443777,5,0,0
924,Debhata,0.3733239515662036,5,0,0
925,Assasuni,0.7291295996915627,4,1,0
926,Shyamnagar,0.7739485959734699,3,1,1
927,Shyamnagar,0.8482303400422586,3,1,1
928,Assasuni,0.6821459334829185,4,0,0
929,Kaliganj,0.5599255736267318,4,1,0
930,Shyamnagar,0.7697280391724453,3,0,0
931,Shyamnagar,0.8469975681142197,3,1,1
932,Debhata,0.40422268819392854,5,1,0
933,Satkhira Sadar,0.25849241321826394,5,0,0
934,Assasuni,0.7005231499894682,4,1,1
935,Shyamnagar,0.8614701905839544,3,1,0
936,Shyamnagar,0.8807483499521155,3,1,1
937,Shyamnagar,0.8004731080192322,3,1,1
938,Tala,0.2955069174252087,5,1,0
939,Shyamnagar,0.8347383523395181,3,1,1
940,Kaliganj,0.48078815907880634,5,0,0
941,Shyamnagar,0.7687826393865969,3,1,1
942,Kaliganj,0.5167933646174485,4,1,0
943,Kaliganj,0.5798855767956055,4,0,0
944,Debhata,0.42615214021113734,5,1,0
945,Shyamnagar,0.878292244700861,3,1,0
946,Shyamnagar,0.8375903584662414,3,1,0
947,Shyamnagar,0.8260298496933236,3,1,1
948,Tala,0.20064335373887976,6,1,0
949,Tala,0.22594698550530362,6,0,0
950,Kaliganj,0.5307627112643425,4,0,0
951,Kaliganj,0.48240406015514636,5,1,0
952,Kaliganj,0.5008856733795696,4,1,0
953,Shyamnagar,0.8497337941095608,3,1,1
954,Tala,0.28299283599348657,5,0,0
955,Assasuni,0.7597521267089424,3,1,0
956,Assasuni,0.7499669997015337,4,1,0
957,Assasuni,0.7063847799302787,4,0,0
958,Shyamnagar,0.8231872079941108,3,0,0
959,Shyamnagar,0.8554266047062349,3,1,0
960,Debhata,0.43784774271203475,5,1,0
961,Shyamnagar,0.7777504286385081,3,1,0
962,Kaliganj,0.5273866845574804,4,0,0
963,Shyamnagar,0.8859703428453426,3,1,1
964,Assasuni,0.6675749427899565,4,1,1
965,Shyamnagar,0.845780840684078,3,1,0
966,Assasuni,0.6981654041293297,4,0,0
967,Debhata,0.3476714379700459,5,1,0
968,Shyamnagar,0.8143353162478433,3,1,1
969,Kaliganj,0.5168315804238705,4,1,1
970,Assasuni,0.6139295062798097,4,0,0
971,Kaliganj,0.4733868469447897,5,0,0
972,Satkhira Sadar,0.2964375861146083,5,1,0
973,Debhata,0.36096062149592184,5,1,0
974,Shyamnagar,0.8377118149358224,3,1,0
975,Shyamnagar,0.804808836038316,3,1,0
976,Shyamnagar,0.9011018867673011,3,1,1
977,Kaliganj,0.5063015462412083,4,0,0
978,Shyamnagar,0.8244485219108403,3,1,0
979,Assasuni,0.7409095375726903,4,0,1
980,Kaliganj,0.5878706993508532,4,1,0
981,Assasuni,0.6379152126769416,4,1,0
982,Debhata,0.4403964964693565,5,1,0
983,Shyamnagar,0.8287280330106839,3,0,1
984,Shyamnagar,0.8324453308128033,3,1,1
985,Debhata,0.34002199586239157,5,1,0
986,Assasuni,0.6220902270635686,4,1,0
987,Kaliganj,0.5719115029763271,4,1,0
988,Assasuni,0.684469172853295,4,1,0
989,Shyamnagar,0.825527605392277,3,0,0
990,Debhata,0.4294262342978595,5,0,0
991,Debhata,0.4348269348486664,5,0,0
992,Kaliganj,0.49224714347370946,5,0,0
993,Shyamnagar,0.8515337724216462,3,0,0
994,Kaliganj,0.48894957151887597,5,1,0
995,Assasuni,0.7227062629043568,4,0,0
996,Shyamnagar,0.858543273440071,3,1,0
997,Tala,0.31392604695168413,5,0,0
998,Shyamnagar,0.7703437024534632,3,1,0
999,Satkhira Sadar,0.18798766096117558,6,1,0
1000,Assasuni,0.65232806120398,4,0,0
